{"focal": 347.61904761904765, "kdc": 1.3888888888888888}
