{"focal": 333.33333333333337, "kdc": 1.36986301369863}
